Classifier,Fold,Training Time (s),Testing Time (s),Total Time (s)
RUSBoost,1,173.35264229774475,0.88388991355896,174.2365322113037
RUSBoost,2,162.04512929916382,0.9996309280395508,163.04476022720337
