Classifier,Fold,Training Time (s),Testing Time (s),Total Time (s)
RNN,1,15.024167776107788,1.078960657119751,16.10312843322754
RNN,2,13.507534503936768,1.232236623764038,14.739771127700806
