Classifier,Fold,Training Time (s),Testing Time (s),Total Time (s)
RNN,1,14.996533155441284,1.1517388820648193,16.148272037506104
RNN,2,14.26507568359375,1.150404691696167,15.415480375289917
