Classifier,Fold,Training Time (s),Testing Time (s),Total Time (s)
RotationForest,1,0.04225444793701172,0.0026106834411621094,0.04486513137817383
RotationForest,2,0.05584573745727539,0.0,0.05584573745727539
