Classifier,Fold,Training Time (s),Testing Time (s),Total Time (s)
RotationForest,1,21.335750102996826,0.766932487487793,22.10268259048462
RotationForest,2,21.23345422744751,0.8198230266571045,22.053277254104614
