Classifier,Fold,Training Time (s),Testing Time (s),Total Time (s)
Ridor-like,1,0.01599287986755371,0.0,0.01599287986755371
Ridor-like,2,0.0,0.015782833099365234,0.015782833099365234
