Classifier,Fold,Training Time (s),Testing Time (s),Total Time (s)
RotationForest,1,4.331387996673584,0.16737055778503418,4.498758554458618
RotationForest,2,5.1448705196380615,0.17708277702331543,5.321953296661377
