Classifier,Fold,Training Time (s),Testing Time (s),Total Time (s)
RNN,1,5.696828365325928,0.9271767139434814,6.624005079269409
RNN,2,7.181319952011108,1.251490592956543,8.432810544967651
