Classifier,Fold,Training Time (s),Testing Time (s),Total Time (s)
Ridor-like,1,0.026926279067993164,0.0,0.026926279067993164
Ridor-like,2,0.015711069107055664,0.0,0.015711069107055664
