Classifier,Class,Fold,Accuracy,Precision,Recall,F1 Score,Matthews Correlation Coefficient,Cohen Kappa,True Positive Rate (TPR),True Negative Rate (TNR),False Positive Rate (FPR),False Negative Rate (FNR),Training Time (s),Testing Time (s)
RNN,0.0,1.5,0.9539748953974896,0.0,0.0,0.0,0.0,0.0,0.0,0.9999999999995615,0.0,0.9999999999908333,3.634692907333374,0.4290982484817505
RNN,1.0,1.5,0.897489539748954,0.0,0.0,0.0,0.0,0.0,0.0,0.9999999999995339,0.0,0.9999999999959168,3.634692907333374,0.4290982484817505
RNN,2.0,1.5,0.7489539748953975,0.2842767295597484,0.2888888888888889,0.2787096774193549,0.13416177494950224,0.1316480585367119,0.28888888888819136,0.850334144951129,0.14966585504836213,0.7111111111094475,3.634692907333374,0.4290982484817505
RNN,3.0,1.5,0.8200836820083681,0.0,0.0,0.0,0.0,0.0,0.0,0.9999999999994897,0.0,0.9999999999976732,3.634692907333374,0.4290982484817505
RNN,4.0,1.5,0.6589958158995816,0.5956037454339662,0.9915156744319815,0.7427023440955329,0.43073566486239606,0.3282628425695818,0.9915156744311404,0.3382222222219395,0.6617777777772331,0.008484325568011201,3.634692907333374,0.4290982484817505
