Classifier,Fold,Training Time (s),Testing Time (s),Total Time (s)
RNN,1,3.887227773666382,0.44332146644592285,4.330549240112305
RNN,2,3.382158041000366,0.4148750305175781,3.7970330715179443
